{
    "page_cti_scores": {
        "page_idx_0": 0.0,
        "page_idx_1": 0.0,
        "page_idx_10": 0.45454545454545453,
        "page_idx_100": 1.0,
        "page_idx_101": 0.0,
        "page_idx_102": 0.0,
        "page_idx_103": 0.2222222222222222,
        "page_idx_104": 0.08333333333333333,
        "page_idx_11": 0.5,
        "page_idx_12": 0.25,
        "page_idx_13": 0.5,
        "page_idx_14": 0.23809523809523808,
        "page_idx_15": 0.0,
        "page_idx_16": 0.5882352941176471,
        "page_idx_17": 0.5714285714285714,
        "page_idx_18": 0.36363636363636365,
        "page_idx_19": 0.3684210526315789,
        "page_idx_2": 0.3333333333333333,
        "page_idx_20": 0.0,
        "page_idx_21": 0.0,
        "page_idx_22": 0.4375,
        "page_idx_23": 0.5714285714285714,
        "page_idx_24": 0.7,
        "page_idx_25": 0.4666666666666667,
        "page_idx_26": 0.5,
        "page_idx_27": 0.36363636363636365,
        "page_idx_28": 0.3076923076923077,
        "page_idx_29": 0.0,
        "page_idx_3": 0.5555555555555556,
        "page_idx_30": 0.0,
        "page_idx_31": 0.75,
        "page_idx_32": 1.0,
        "page_idx_33": 0.5263157894736842,
        "page_idx_34": 0.0,
        "page_idx_35": 0.08333333333333333,
        "page_idx_36": 0.2,
        "page_idx_37": 0.3157894736842105,
        "page_idx_38": 0.3,
        "page_idx_39": 0.06666666666666667,
        "page_idx_4": 0.0,
        "page_idx_40": 1.0,
        "page_idx_41": 0.3333333333333333,
        "page_idx_42": 0.0,
        "page_idx_43": 0.5,
        "page_idx_44": 0.5,
        "page_idx_45": 1.0,
        "page_idx_46": 1.0,
        "page_idx_47": 0.42857142857142855,
        "page_idx_48": 0.2857142857142857,
        "page_idx_49": 0.5833333333333334,
        "page_idx_5": 1.0,
        "page_idx_50": 0.1111111111111111,
        "page_idx_51": 0.2,
        "page_idx_52": 0.375,
        "page_idx_53": 0.0,
        "page_idx_54": 0.6666666666666666,
        "page_idx_55": 1.0,
        "page_idx_56": 1.0,
        "page_idx_57": 0.3333333333333333,
        "page_idx_58": 0.5,
        "page_idx_59": 1.0,
        "page_idx_6": 1.0,
        "page_idx_60": 0.25,
        "page_idx_61": 0.6666666666666666,
        "page_idx_62": 0.6666666666666666,
        "page_idx_63": 1.0,
        "page_idx_64": 0.0,
        "page_idx_65": 0.0,
        "page_idx_66": 1.0,
        "page_idx_67": 0.0,
        "page_idx_68": 0.0,
        "page_idx_69": 0.0,
        "page_idx_7": 0.0,
        "page_idx_70": 0.0,
        "page_idx_71": 0.3333333333333333,
        "page_idx_72": 0.13333333333333333,
        "page_idx_73": 0.0,
        "page_idx_74": 0.0,
        "page_idx_75": 0.0,
        "page_idx_76": 0.0,
        "page_idx_77": 0.0,
        "page_idx_78": 0.0,
        "page_idx_79": 0.0,
        "page_idx_8": 0.3333333333333333,
        "page_idx_80": 0.0,
        "page_idx_81": 0.2222222222222222,
        "page_idx_82": 0.0,
        "page_idx_83": 0.0,
        "page_idx_84": 0.0,
        "page_idx_85": 0.0,
        "page_idx_86": 0.0,
        "page_idx_87": 0.0,
        "page_idx_88": 0.0,
        "page_idx_89": 0.0,
        "page_idx_9": 0.6111111111111112,
        "page_idx_90": 0.0,
        "page_idx_91": 0.0,
        "page_idx_92": 0.0,
        "page_idx_93": 0.0,
        "page_idx_94": 0.0,
        "page_idx_95": 0.0,
        "page_idx_96": 0.0,
        "page_idx_97": 0.0,
        "page_idx_98": 0.0,
        "page_idx_99": 1.0
    },
    "overall_cti": 0.3605546995377504
}