{
    "page_cti_scores": {
        "page_idx_0": 0.75,
        "page_idx_1": 0.8333333333333334,
        "page_idx_2": 0.6666666666666666,
        "page_idx_3": 0.25,
        "page_idx_4": 0.2727272727272727,
        "page_idx_5": 0.25
    },
    "overall_cti": 0.4883720930232558
}